Step,AgentID,Status,Location,Cargo
1,1,idle_at_depot,Depot-D,0
1,2,idle_at_depot,Depot-B,0
1,3,idle_at_depot,Depot-C,0
1,4,idle_at_depot,Depot-C,0
1,5,idle_at_depot,Depot-D,0
1,6,idle_at_depot,Depot-C,0
1,7,idle_at_depot,Depot-A,0
1,8,idle_at_depot,Depot-C,0
1,9,idle_at_depot,Depot-C,0
1,10,idle_at_depot,Depot-A,0
1,11,idle_at_depot,Depot-B,0
1,12,idle_at_depot,Depot-C,0
1,13,idle_at_depot,Depot-B,0
1,14,idle_at_depot,Depot-D,0
1,15,idle_at_depot,Depot-A,0
2,1,pending_load_for_route,Depot-D,0
2,2,idle_at_depot,Depot-B,0
2,3,pending_load_for_route,Depot-C,0
2,4,pending_load_for_route,Depot-C,0
2,5,idle_at_depot,Depot-D,0
2,6,idle_at_depot,Depot-C,0
2,7,idle_at_depot,Depot-A,0
2,8,pending_load_for_route,Depot-C,0
2,9,idle_at_depot,Depot-C,0
2,10,pending_load_for_route,Depot-A,0
2,11,pending_load_for_route,Depot-B,0
2,12,idle_at_depot,Depot-C,0
2,13,idle_at_depot,Depot-B,0
2,14,idle_at_depot,Depot-D,0
2,15,idle_at_depot,Depot-A,0
3,1,loading_at_depot,Depot-D,901
3,2,idle_at_depot,Depot-B,0
3,3,pending_departure_to_Customer-009,Depot-C,0
3,4,loading_at_depot,Depot-C,431
3,5,pending_load_for_route,Depot-D,0
3,6,idle_at_depot,Depot-C,0
3,7,idle_at_depot,Depot-A,0
3,8,loading_at_depot,Depot-C,810
3,9,idle_at_depot,Depot-C,0
3,10,loading_at_depot,Depot-A,495
3,11,loading_at_depot,Depot-B,1082
3,12,idle_at_depot,Depot-C,0
3,13,idle_at_depot,Depot-B,0
3,14,idle_at_depot,Depot-D,0
3,15,pending_load_for_route,Depot-A,0
4,1,pending_departure_to_Customer-008,Depot-D,901
4,2,idle_at_depot,Depot-B,0
4,3,en_route,Customer-009,0
4,4,pending_load_for_route,Depot-C,431
4,5,loading_at_depot,Depot-D,146
4,6,idle_at_depot,Depot-C,0
4,7,pending_load_for_route,Depot-A,0
4,8,pending_departure_to_Customer-008,Depot-C,810
4,9,pending_load_for_route,Depot-C,0
4,10,pending_departure_to_Customer-010,Depot-A,495
4,11,pending_departure_to_Customer-005,Depot-B,1082
4,12,pending_load_for_route,Depot-C,0
4,13,pending_load_for_route,Depot-B,0
4,14,idle_at_depot,Depot-D,0
4,15,loading_at_depot,Depot-A,734
5,1,en_route,Customer-008,901
5,2,idle_at_depot,Depot-B,0
5,3,idle_at_customer,Customer-009,0
5,4,pending_departure_to_Customer-010,Depot-C,431
5,5,pending_departure_to_Customer-006,Depot-D,146
5,6,pending_load_for_route,Depot-C,0
5,7,loading_at_depot,Depot-A,146
5,8,en_route,Customer-008,810
5,9,loading_at_depot,Depot-C,120
5,10,en_route,Customer-010,495
5,11,en_route,Customer-005,1082
5,12,pending_departure_to_Customer-008,Depot-C,0
5,13,loading_at_depot,Depot-B,320
5,14,idle_at_depot,Depot-D,0
5,15,pending_departure_to_Customer-006,Depot-A,734
6,1,idle_at_customer,Customer-008,901
6,2,idle_at_depot,Depot-B,0
6,3,idle_at_customer,Customer-009,0
6,4,en_route,Customer-010,431
6,5,en_route,Customer-006,146
6,6,loading_at_depot,Depot-C,60
6,7,pending_load_for_route,Depot-A,146
6,8,idle_at_customer,Customer-008,810
6,9,pending_departure_to_Customer-008,Depot-C,120
6,10,idle_at_customer,Customer-010,495
6,11,idle_at_customer,Customer-005,1082
6,12,en_route,Customer-008,0
6,13,pending_departure_to_Customer-008,Depot-B,320
6,14,pending_load_for_route,Depot-D,0
6,15,en_route,Customer-006,734
7,1,finished_unloading,Customer-008,901
7,2,idle_at_depot,Depot-B,0
7,3,idle_at_customer,Customer-009,0
7,4,idle_at_customer,Customer-010,431
7,5,idle_at_customer,Customer-006,146
7,6,pending_load_for_route,Depot-C,60
7,7,loading_at_depot,Depot-A,438
7,8,finished_unloading,Customer-008,644
7,9,en_route,Customer-008,120
7,10,finished_unloading,Customer-010,394
7,11,finished_unloading,Customer-005,1052
7,12,idle_at_customer,Customer-008,0
7,13,en_route,Customer-008,320
7,14,loading_at_depot,Depot-D,707
7,15,idle_at_customer,Customer-006,734
8,1,en_route,Customer-006,901
8,2,pending_load_for_route,Depot-B,0
8,3,idle_at_customer,Customer-009,0
8,4,finished_unloading,Customer-010,431
8,5,finished_unloading,Customer-006,64
8,6,loading_at_depot,Depot-C,180
8,7,pending_load_for_route,Depot-A,438
8,8,en_route,Customer-009,644
8,9,idle_at_customer,Customer-008,120
8,10,en_route,Depot-D,394
8,11,en_route,Customer-003,1052
8,12,idle_at_customer,Customer-008,0
8,13,idle_at_customer,Customer-008,320
8,14,pending_departure_to_Customer-009,Depot-D,707
8,15,finished_unloading,Customer-006,734
9,1,idle_at_customer,Customer-006,901
9,2,loading_at_depot,Depot-B,404
9,3,idle_at_customer,Customer-009,0
9,4,en_route,Customer-005,431
9,5,en_route,Customer-009,64
9,6,pending_load_for_route,Depot-C,180
9,7,loading_at_depot,Depot-A,730
9,8,idle_at_customer,Customer-009,644
9,9,finished_unloading,Customer-008,120
9,10,idle_at_depot,Depot-D,394
9,11,idle_at_customer,Customer-003,1052
9,12,idle_at_customer,Customer-008,0
9,13,finished_unloading,Customer-008,320
9,14,en_route,Customer-009,707
9,15,en_route,Customer-008,734
10,1,finished_unloading,Customer-006,901
10,2,pending_load_for_route,Depot-B,404
10,3,idle_at_customer,Customer-009,0
10,4,idle_at_customer,Customer-005,431
10,5,idle_at_customer,Customer-009,64
10,6,loading_at_depot,Depot-C,300
10,7,pending_load_for_route,Depot-A,730
10,8,finished_unloading,Customer-009,484
10,9,en_route,Depot-A,120
10,10,idle_at_depot,Depot-D,394
10,11,finished_unloading,Customer-003,918
10,12,idle_at_customer,Customer-008,0
10,13,en_route,Customer-005,320
10,14,idle_at_customer,Customer-009,707
10,15,idle_at_customer,Customer-008,734
11,1,en_route,Depot-C,901
11,2,loading_at_depot,Depot-B,504
11,3,idle_at_customer,Customer-009,0
11,4,finished_unloading,Customer-005,431
11,5,finished_unloading,Customer-009,64
11,6,pending_load_for_route,Depot-C,300
11,7,loading_at_depot,Depot-A,1022
11,8,en_route,Customer-003,484
11,9,idle_at_depot,Depot-A,120
11,10,idle_at_depot,Depot-D,394
11,11,en_route,Depot-A,918
11,12,idle_at_customer,Customer-008,0
11,13,idle_at_customer,Customer-005,320
11,14,finished_unloading,Customer-009,707
11,15,finished_unloading,Customer-008,734
12,1,idle_at_depot,Depot-C,901
12,2,pending_load_for_route,Depot-B,504
12,3,idle_at_customer,Customer-009,0
12,4,en_route,Customer-008,431
12,5,en_route,Customer-005,64
12,6,loading_at_depot,Depot-C,420
12,7,pending_load_for_route,Depot-A,1022
12,8,idle_at_customer,Customer-003,484
12,9,idle_at_depot,Depot-A,120
12,10,idle_at_depot,Depot-D,394
12,11,pending_load_for_route,Depot-A,918
12,12,idle_at_customer,Customer-008,0
12,13,finished_unloading,Customer-005,320
12,14,en_route,Customer-003,707
12,15,en_route,Customer-009,734
13,1,idle_at_depot,Depot-C,901
13,2,loading_at_depot,Depot-B,604
13,3,idle_at_customer,Customer-009,0
13,4,idle_at_customer,Customer-008,431
13,5,idle_at_customer,Customer-005,64
13,6,pending_load_for_route,Depot-C,420
13,7,loading_at_depot,Depot-A,1092
13,8,finished_unloading,Customer-003,484
13,9,pending_load_for_route,Depot-A,120
13,10,pending_load_for_route,Depot-D,394
13,11,loading_at_depot,Depot-A,1082
13,12,idle_at_customer,Customer-008,0
13,13,en_route,Depot-D,320
13,14,idle_at_customer,Customer-003,707
13,15,idle_at_customer,Customer-009,734
14,1,idle_at_depot,Depot-C,901
14,2,pending_load_for_route,Depot-B,604
14,3,idle_at_customer,Customer-009,0
14,4,finished_unloading,Customer-008,431
14,5,finished_unloading,Customer-005,64
14,6,loading_at_depot,Depot-C,540
14,7,pending_departure_to_Customer-010,Depot-A,1092
14,8,en_route,Depot-C,484
14,9,loading_at_depot,Depot-A,285
14,10,loading_at_depot,Depot-D,495
14,11,pending_departure_to_Customer-004,Depot-A,1082
14,12,idle_at_customer,Customer-008,0
14,13,pending_load_for_route,Depot-D,320
14,14,finished_unloading,Customer-003,707
14,15,finished_unloading,Customer-009,734
15,1,pending_load_for_route,Depot-C,901
15,2,loading_at_depot,Depot-B,704
15,3,idle_at_customer,Customer-009,0
15,4,en_route,Depot-A,431
15,5,en_route,Depot-B,64
15,6,pending_load_for_route,Depot-C,540
15,7,en_route,Customer-010,1092
15,8,idle_at_depot,Depot-C,484
15,9,pending_departure_to_Customer-007,Depot-A,285
15,10,pending_departure_to_Customer-004,Depot-D,495
15,11,en_route,Customer-004,1082
15,12,idle_at_customer,Customer-008,0
15,13,pending_load_for_route,Depot-D,320
15,14,en_route,Depot-B,707
15,15,en_route,Depot-C,734
16,1,pending_load_for_route,Depot-C,901
16,2,pending_load_for_route,Depot-B,704
16,3,idle_at_customer,Customer-009,0
16,4,pending_load_for_route,Depot-A,431
16,5,idle_at_depot,Depot-B,64
16,6,loading_at_depot,Depot-C,651
16,7,idle_at_customer,Customer-010,1092
16,8,idle_at_depot,Depot-C,484
16,9,en_route,Customer-007,285
16,10,en_route,Customer-004,495
16,11,idle_at_customer,Customer-004,1082
16,12,idle_at_customer,Customer-008,0
16,13,pending_load_for_route,Depot-D,320
16,14,pending_load_for_route,Depot-B,707
16,15,idle_at_depot,Depot-C,734
17,1,pending_load_for_route,Depot-C,901
17,2,loading_at_depot,Depot-B,762
17,3,idle_at_customer,Customer-009,0
17,4,loading_at_depot,Depot-A,585
17,5,pending_load_for_route,Depot-B,64
17,6,pending_departure_to_Customer-010,Depot-C,651
17,7,finished_unloading,Customer-010,1092
17,8,pending_load_for_route,Depot-C,484
17,9,idle_at_customer,Customer-007,285
17,10,idle_at_customer,Customer-004,495
17,11,finished_unloading,Customer-004,952
17,12,idle_at_customer,Customer-008,0
17,13,pending_load_for_route,Depot-D,320
17,14,pending_load_for_route,Depot-B,707
17,15,idle_at_depot,Depot-C,734
18,1,pending_load_for_route,Depot-C,901
18,2,pending_departure_to_Customer-009,Depot-B,762
18,3,idle_at_customer,Customer-009,0
18,4,pending_departure_to_Customer-004,Depot-A,585
18,5,loading_at_depot,Depot-B,146
18,6,en_route,Customer-010,651
18,7,en_route,Customer-003,1092
18,8,loading_at_depot,Depot-C,613
18,9,finished_unloading,Customer-007,142
18,10,finished_unloading,Customer-004,495
18,11,en_route,Depot-B,952
18,12,idle_at_customer,Customer-008,0
18,13,pending_load_for_route,Depot-D,320
18,14,pending_load_for_route,Depot-B,707
18,15,idle_at_depot,Depot-C,734
19,1,pending_load_for_route,Depot-C,901
19,2,en_route,Customer-009,762
19,3,idle_at_customer,Customer-009,0
19,4,en_route,Customer-004,585
19,5,pending_departure_to_Customer-007,Depot-B,146
19,6,idle_at_customer,Customer-010,651
19,7,idle_at_customer,Customer-003,1092
19,8,pending_load_for_route,Depot-C,613
19,9,en_route,Customer-004,142
19,10,en_route,Customer-007,495
19,11,idle_at_depot,Depot-B,952
19,12,idle_at_customer,Customer-008,0
19,13,pending_load_for_route,Depot-D,320
19,14,pending_load_for_route,Depot-B,707
19,15,idle_at_depot,Depot-C,734
20,1,pending_load_for_route,Depot-C,901
20,2,idle_at_customer,Customer-009,762
20,3,idle_at_customer,Customer-009,0
20,4,idle_at_customer,Customer-004,585
20,5,en_route,Customer-007,146
20,6,finished_unloading,Customer-010,651
20,7,finished_unloading,Customer-003,1092
20,8,loading_at_depot,Depot-C,733
20,9,idle_at_customer,Customer-004,142
20,10,idle_at_customer,Customer-007,495
20,11,idle_at_depot,Depot-B,952
20,12,idle_at_customer,Customer-008,0
20,13,pending_load_for_route,Depot-D,320
20,14,pending_load_for_route,Depot-B,707
20,15,idle_at_depot,Depot-C,734
21,1,pending_load_for_route,Depot-C,901
21,2,finished_unloading,Customer-009,762
21,3,idle_at_customer,Customer-009,0
21,4,finished_unloading,Customer-004,585
21,5,idle_at_customer,Customer-007,146
21,6,en_route,Customer-008,651
21,7,en_route,Depot-D,1092
21,8,pending_load_for_route,Depot-C,733
21,9,finished_unloading,Customer-004,142
21,10,finished_unloading,Customer-007,495
21,11,idle_at_depot,Depot-B,952
21,12,idle_at_customer,Customer-008,0
21,13,pending_load_for_route,Depot-D,320
21,14,pending_load_for_route,Depot-B,707
21,15,idle_at_depot,Depot-C,734
22,1,pending_load_for_route,Depot-C,901
22,2,en_route,Customer-007,762
22,3,idle_at_customer,Customer-009,0
22,4,en_route,Customer-007,585
22,5,finished_unloading,Customer-007,146
22,6,idle_at_customer,Customer-008,651
22,7,idle_at_depot,Depot-D,1092
22,8,loading_at_depot,Depot-C,810
22,9,en_route,Depot-B,142
22,10,en_route,Depot-C,495
22,11,idle_at_depot,Depot-B,952
22,12,idle_at_customer,Customer-008,0
22,13,pending_load_for_route,Depot-D,320
22,14,pending_load_for_route,Depot-B,707
22,15,idle_at_depot,Depot-C,734
23,1,pending_load_for_route,Depot-C,901
23,2,idle_at_customer,Customer-007,762
23,3,idle_at_customer,Customer-009,0
23,4,idle_at_customer,Customer-007,585
23,5,en_route,Depot-C,146
23,6,finished_unloading,Customer-008,651
23,7,idle_at_depot,Depot-D,1092
23,8,pending_departure_to_Customer-007,Depot-C,810
23,9,idle_at_depot,Depot-B,142
23,10,idle_at_depot,Depot-C,495
23,11,idle_at_depot,Depot-B,952
23,12,idle_at_customer,Customer-008,0
23,13,pending_load_for_route,Depot-D,320
23,14,pending_load_for_route,Depot-B,707
23,15,idle_at_depot,Depot-C,734
24,1,pending_load_for_route,Depot-C,901
24,2,finished_unloading,Customer-007,762
24,3,idle_at_customer,Customer-009,0
24,4,finished_unloading,Customer-007,585
24,5,idle_at_depot,Depot-C,146
24,6,en_route,Customer-007,651
24,7,idle_at_depot,Depot-D,1092
24,8,en_route,Customer-007,810
24,9,idle_at_depot,Depot-B,142
24,10,idle_at_depot,Depot-C,495
24,11,idle_at_depot,Depot-B,952
24,12,idle_at_customer,Customer-008,0
24,13,pending_load_for_route,Depot-D,320
24,14,pending_load_for_route,Depot-B,707
24,15,idle_at_depot,Depot-C,734
25,1,pending_load_for_route,Depot-C,901
25,2,en_route,Depot-A,762
25,3,idle_at_customer,Customer-009,0
25,4,en_route,Depot-A,585
25,5,idle_at_depot,Depot-C,146
25,6,idle_at_customer,Customer-007,651
25,7,idle_at_depot,Depot-D,1092
25,8,idle_at_customer,Customer-007,810
25,9,idle_at_depot,Depot-B,142
25,10,idle_at_depot,Depot-C,495
25,11,idle_at_depot,Depot-B,952
25,12,idle_at_customer,Customer-008,0
25,13,pending_load_for_route,Depot-D,320
25,14,pending_load_for_route,Depot-B,707
25,15,idle_at_depot,Depot-C,734
26,1,pending_load_for_route,Depot-C,901
26,2,idle_at_depot,Depot-A,762
26,3,idle_at_customer,Customer-009,0
26,4,idle_at_depot,Depot-A,585
26,5,idle_at_depot,Depot-C,146
26,6,finished_unloading,Customer-007,651
26,7,idle_at_depot,Depot-D,1092
26,8,finished_unloading,Customer-007,810
26,9,idle_at_depot,Depot-B,142
26,10,idle_at_depot,Depot-C,495
26,11,idle_at_depot,Depot-B,952
26,12,idle_at_customer,Customer-008,0
26,13,pending_load_for_route,Depot-D,320
26,14,pending_load_for_route,Depot-B,707
26,15,idle_at_depot,Depot-C,734
27,1,pending_load_for_route,Depot-C,901
27,2,idle_at_depot,Depot-A,762
27,3,idle_at_customer,Customer-009,0
27,4,idle_at_depot,Depot-A,585
27,5,idle_at_depot,Depot-C,146
27,6,en_route,Depot-D,651
27,7,idle_at_depot,Depot-D,1092
27,8,en_route,Depot-B,810
27,9,idle_at_depot,Depot-B,142
27,10,idle_at_depot,Depot-C,495
27,11,idle_at_depot,Depot-B,952
27,12,idle_at_customer,Customer-008,0
27,13,pending_load_for_route,Depot-D,320
27,14,pending_load_for_route,Depot-B,707
27,15,idle_at_depot,Depot-C,734
28,1,pending_load_for_route,Depot-C,901
28,2,pending_load_for_route,Depot-A,762
28,3,idle_at_customer,Customer-009,0
28,4,idle_at_depot,Depot-A,585
28,5,pending_load_for_route,Depot-C,146
28,6,idle_at_depot,Depot-D,651
28,7,idle_at_depot,Depot-D,1092
28,8,idle_at_depot,Depot-B,810
28,9,pending_load_for_route,Depot-B,142
28,10,idle_at_depot,Depot-C,495
28,11,pending_load_for_route,Depot-B,952
28,12,idle_at_customer,Customer-008,0
28,13,pending_load_for_route,Depot-D,320
28,14,pending_load_for_route,Depot-B,707
28,15,pending_load_for_route,Depot-C,734
29,1,pending_load_for_route,Depot-C,901
29,2,pending_load_for_route,Depot-A,762
29,3,idle_at_customer,Customer-009,0
29,4,idle_at_depot,Depot-A,585
29,5,pending_load_for_route,Depot-C,146
29,6,pending_load_for_route,Depot-D,651
29,7,idle_at_depot,Depot-D,1092
29,8,idle_at_depot,Depot-B,810
29,9,loading_at_depot,Depot-B,285
29,10,idle_at_depot,Depot-C,495
29,11,loading_at_depot,Depot-B,1082
29,12,idle_at_customer,Customer-008,0
29,13,pending_load_for_route,Depot-D,320
29,14,pending_load_for_route,Depot-B,707
29,15,loading_at_depot,Depot-C,979
30,1,pending_load_for_route,Depot-C,901
30,2,pending_load_for_route,Depot-A,762
30,3,idle_at_customer,Customer-009,0
30,4,pending_load_for_route,Depot-A,585
30,5,pending_load_for_route,Depot-C,146
30,6,pending_departure_to_Customer-001,Depot-D,651
30,7,idle_at_depot,Depot-D,1092
30,8,pending_load_for_route,Depot-B,810
30,9,pending_departure_to_Customer-007,Depot-B,285
30,10,idle_at_depot,Depot-C,495
30,11,pending_departure_to_Customer-007,Depot-B,1082
30,12,idle_at_customer,Customer-008,0
30,13,pending_load_for_route,Depot-D,320
30,14,pending_load_for_route,Depot-B,707
30,15,pending_departure_to_Customer-007,Depot-C,979
31,1,pending_load_for_route,Depot-C,901
31,2,pending_load_for_route,Depot-A,762
31,3,idle_at_customer,Customer-009,0
31,4,pending_departure_to_Customer-007,Depot-A,585
31,5,pending_load_for_route,Depot-C,146
31,6,en_route,Customer-001,651
31,7,pending_load_for_route,Depot-D,1092
31,8,pending_departure_to_Customer-007,Depot-B,810
31,9,en_route,Customer-007,285
31,10,pending_load_for_route,Depot-C,495
31,11,en_route,Customer-007,1082
31,12,idle_at_customer,Customer-008,0
31,13,pending_load_for_route,Depot-D,320
31,14,pending_load_for_route,Depot-B,707
31,15,en_route,Customer-007,979
32,1,pending_load_for_route,Depot-C,901
32,2,pending_load_for_route,Depot-A,762
32,3,idle_at_customer,Customer-009,0
32,4,en_route,Customer-007,585
32,5,pending_load_for_route,Depot-C,146
32,6,idle_at_customer,Customer-001,651
32,7,pending_load_for_route,Depot-D,1092
32,8,en_route,Customer-007,810
32,9,idle_at_customer,Customer-007,285
32,10,pending_departure_to_Customer-001,Depot-C,495
32,11,idle_at_customer,Customer-007,1082
32,12,idle_at_customer,Customer-008,0
32,13,pending_load_for_route,Depot-D,320
32,14,pending_load_for_route,Depot-B,707
32,15,idle_at_customer,Customer-007,979
33,1,pending_load_for_route,Depot-C,901
33,2,pending_load_for_route,Depot-A,762
33,3,idle_at_customer,Customer-009,0
33,4,idle_at_customer,Customer-007,585
33,5,pending_load_for_route,Depot-C,146
33,6,finished_unloading,Customer-001,572
33,7,pending_load_for_route,Depot-D,1092
33,8,idle_at_customer,Customer-007,810
33,9,finished_unloading,Customer-007,285
33,10,en_route,Customer-001,495
33,11,finished_unloading,Customer-007,1082
33,12,idle_at_customer,Customer-008,0
33,13,pending_load_for_route,Depot-D,320
33,14,pending_load_for_route,Depot-B,707
33,15,finished_unloading,Customer-007,929
34,1,pending_load_for_route,Depot-C,901
34,2,pending_load_for_route,Depot-A,762
34,3,idle_at_customer,Customer-009,0
34,4,finished_unloading,Customer-007,585
34,5,pending_load_for_route,Depot-C,146
34,6,en_route,Customer-007,572
34,7,pending_load_for_route,Depot-D,1092
34,8,finished_unloading,Customer-007,810
34,9,en_route,Depot-C,285
34,10,idle_at_customer,Customer-001,495
34,11,en_route,Depot-D,1082
34,12,idle_at_customer,Customer-008,0
34,13,pending_load_for_route,Depot-D,320
34,14,pending_load_for_route,Depot-B,707
34,15,en_route,Depot-B,929
35,1,pending_load_for_route,Depot-C,901
35,2,pending_load_for_route,Depot-A,762
35,3,idle_at_customer,Customer-009,0
35,4,en_route,Depot-C,585
35,5,pending_load_for_route,Depot-C,146
35,6,idle_at_customer,Customer-007,572
35,7,pending_load_for_route,Depot-D,1092
35,8,en_route,Depot-C,810
35,9,idle_at_depot,Depot-C,285
35,10,finished_unloading,Customer-001,495
35,11,idle_at_depot,Depot-D,1082
35,12,idle_at_customer,Customer-008,0
35,13,pending_load_for_route,Depot-D,320
35,14,pending_load_for_route,Depot-B,707
35,15,idle_at_depot,Depot-B,929
36,1,pending_load_for_route,Depot-C,901
36,2,pending_load_for_route,Depot-A,762
36,3,idle_at_customer,Customer-009,0
36,4,idle_at_depot,Depot-C,585
36,5,pending_load_for_route,Depot-C,146
36,6,finished_unloading,Customer-007,572
36,7,pending_load_for_route,Depot-D,1092
36,8,idle_at_depot,Depot-C,810
36,9,idle_at_depot,Depot-C,285
36,10,en_route,Depot-D,495
36,11,idle_at_depot,Depot-D,1082
36,12,idle_at_customer,Customer-008,0
36,13,pending_load_for_route,Depot-D,320
36,14,pending_load_for_route,Depot-B,707
36,15,idle_at_depot,Depot-B,929
37,1,pending_load_for_route,Depot-C,901
37,2,pending_load_for_route,Depot-A,762
37,3,idle_at_customer,Customer-009,0
37,4,idle_at_depot,Depot-C,585
37,5,pending_load_for_route,Depot-C,146
37,6,en_route,Depot-D,572
37,7,pending_load_for_route,Depot-D,1092
37,8,idle_at_depot,Depot-C,810
37,9,idle_at_depot,Depot-C,285
37,10,idle_at_depot,Depot-D,495
37,11,idle_at_depot,Depot-D,1082
37,12,idle_at_customer,Customer-008,0
37,13,pending_load_for_route,Depot-D,320
37,14,pending_load_for_route,Depot-B,707
37,15,idle_at_depot,Depot-B,929
38,1,pending_load_for_route,Depot-C,901
38,2,pending_load_for_route,Depot-A,762
38,3,idle_at_customer,Customer-009,0
38,4,idle_at_depot,Depot-C,585
38,5,pending_load_for_route,Depot-C,146
38,6,idle_at_depot,Depot-D,572
38,7,pending_load_for_route,Depot-D,1092
38,8,idle_at_depot,Depot-C,810
38,9,idle_at_depot,Depot-C,285
38,10,idle_at_depot,Depot-D,495
38,11,idle_at_depot,Depot-D,1082
38,12,idle_at_customer,Customer-008,0
38,13,pending_load_for_route,Depot-D,320
38,14,pending_load_for_route,Depot-B,707
38,15,idle_at_depot,Depot-B,929
39,1,pending_load_for_route,Depot-C,901
39,2,pending_load_for_route,Depot-A,762
39,3,idle_at_customer,Customer-009,0
39,4,idle_at_depot,Depot-C,585
39,5,pending_load_for_route,Depot-C,146
39,6,idle_at_depot,Depot-D,572
39,7,pending_load_for_route,Depot-D,1092
39,8,idle_at_depot,Depot-C,810
39,9,idle_at_depot,Depot-C,285
39,10,idle_at_depot,Depot-D,495
39,11,idle_at_depot,Depot-D,1082
39,12,idle_at_customer,Customer-008,0
39,13,pending_load_for_route,Depot-D,320
39,14,pending_load_for_route,Depot-B,707
39,15,idle_at_depot,Depot-B,929
40,1,pending_load_for_route,Depot-C,901
40,2,pending_load_for_route,Depot-A,762
40,3,idle_at_customer,Customer-009,0
40,4,idle_at_depot,Depot-C,585
40,5,pending_load_for_route,Depot-C,146
40,6,idle_at_depot,Depot-D,572
40,7,pending_load_for_route,Depot-D,1092
40,8,idle_at_depot,Depot-C,810
40,9,idle_at_depot,Depot-C,285
40,10,idle_at_depot,Depot-D,495
40,11,idle_at_depot,Depot-D,1082
40,12,idle_at_customer,Customer-008,0
40,13,pending_load_for_route,Depot-D,320
40,14,pending_load_for_route,Depot-B,707
40,15,idle_at_depot,Depot-B,929
41,1,pending_load_for_route,Depot-C,901
41,2,pending_load_for_route,Depot-A,762
41,3,idle_at_customer,Customer-009,0
41,4,pending_load_for_route,Depot-C,585
41,5,pending_load_for_route,Depot-C,146
41,6,idle_at_depot,Depot-D,572
41,7,pending_load_for_route,Depot-D,1092
41,8,idle_at_depot,Depot-C,810
41,9,idle_at_depot,Depot-C,285
41,10,pending_load_for_route,Depot-D,495
41,11,idle_at_depot,Depot-D,1082
41,12,idle_at_customer,Customer-008,0
41,13,pending_load_for_route,Depot-D,320
41,14,pending_load_for_route,Depot-B,707
41,15,pending_load_for_route,Depot-B,929
42,1,pending_load_for_route,Depot-C,901
42,2,pending_load_for_route,Depot-A,762
42,3,idle_at_customer,Customer-009,0
42,4,pending_departure_to_Customer-003,Depot-C,585
42,5,pending_load_for_route,Depot-C,146
42,6,pending_load_for_route,Depot-D,572
42,7,pending_load_for_route,Depot-D,1092
42,8,pending_load_for_route,Depot-C,810
42,9,idle_at_depot,Depot-C,285
42,10,pending_departure_to_Customer-003,Depot-D,495
42,11,idle_at_depot,Depot-D,1082
42,12,idle_at_customer,Customer-008,0
42,13,pending_load_for_route,Depot-D,320
42,14,pending_load_for_route,Depot-B,707
42,15,loading_at_depot,Depot-B,979
43,1,pending_load_for_route,Depot-C,901
43,2,pending_load_for_route,Depot-A,762
43,3,idle_at_customer,Customer-009,0
43,4,en_route,Customer-003,585
43,5,pending_load_for_route,Depot-C,146
43,6,loading_at_depot,Depot-D,651
43,7,pending_load_for_route,Depot-D,1092
43,8,pending_departure_to_Customer-003,Depot-C,810
43,9,idle_at_depot,Depot-C,285
43,10,en_route,Customer-003,495
43,11,idle_at_depot,Depot-D,1082
43,12,idle_at_customer,Customer-008,0
43,13,pending_load_for_route,Depot-D,320
43,14,pending_load_for_route,Depot-B,707
43,15,pending_departure_to_Customer-003,Depot-B,979
44,1,pending_load_for_route,Depot-C,901
44,2,pending_load_for_route,Depot-A,762
44,3,idle_at_customer,Customer-009,0
44,4,idle_at_customer,Customer-003,585
44,5,pending_load_for_route,Depot-C,146
44,6,pending_departure_to_Customer-003,Depot-D,651
44,7,pending_load_for_route,Depot-D,1092
44,8,en_route,Customer-003,810
44,9,pending_load_for_route,Depot-C,285
44,10,idle_at_customer,Customer-003,495
44,11,idle_at_depot,Depot-D,1082
44,12,idle_at_customer,Customer-008,0
44,13,pending_load_for_route,Depot-D,320
44,14,pending_load_for_route,Depot-B,707
44,15,en_route,Customer-003,979
45,1,pending_load_for_route,Depot-C,901
45,2,pending_load_for_route,Depot-A,762
45,3,idle_at_customer,Customer-009,0
45,4,finished_unloading,Customer-003,492
45,5,pending_load_for_route,Depot-C,146
45,6,en_route,Customer-003,651
45,7,pending_load_for_route,Depot-D,1092
45,8,idle_at_customer,Customer-003,810
45,9,pending_load_for_route,Depot-C,285
45,10,finished_unloading,Customer-003,495
45,11,pending_load_for_route,Depot-D,1082
45,12,idle_at_customer,Customer-008,0
45,13,pending_load_for_route,Depot-D,320
45,14,pending_load_for_route,Depot-B,707
45,15,idle_at_customer,Customer-003,979
46,1,pending_load_for_route,Depot-C,901
46,2,pending_load_for_route,Depot-A,762
46,3,idle_at_customer,Customer-009,0
46,4,en_route,Depot-A,492
46,5,pending_load_for_route,Depot-C,146
46,6,idle_at_customer,Customer-003,651
46,7,pending_load_for_route,Depot-D,1092
46,8,finished_unloading,Customer-003,810
46,9,pending_load_for_route,Depot-C,285
46,10,en_route,Depot-D,495
46,11,pending_load_for_route,Depot-D,1082
46,12,idle_at_customer,Customer-008,0
46,13,pending_load_for_route,Depot-D,320
46,14,pending_load_for_route,Depot-B,707
46,15,finished_unloading,Customer-003,979
47,1,pending_load_for_route,Depot-C,901
47,2,pending_load_for_route,Depot-A,762
47,3,idle_at_customer,Customer-009,0
47,4,pending_load_for_route,Depot-A,492
47,5,pending_load_for_route,Depot-C,146
47,6,finished_unloading,Customer-003,651
47,7,pending_load_for_route,Depot-D,1092
47,8,en_route,Depot-A,810
47,9,pending_load_for_route,Depot-C,285
47,10,pending_load_for_route,Depot-D,495
47,11,pending_load_for_route,Depot-D,1082
47,12,idle_at_customer,Customer-008,0
47,13,pending_load_for_route,Depot-D,320
47,14,pending_load_for_route,Depot-B,707
47,15,en_route,Depot-D,979
48,1,pending_load_for_route,Depot-C,901
48,2,pending_load_for_route,Depot-A,762
48,3,idle_at_customer,Customer-009,0
48,4,loading_at_depot,Depot-A,585
48,5,pending_load_for_route,Depot-C,146
48,6,en_route,Depot-D,651
48,7,pending_load_for_route,Depot-D,1092
48,8,idle_at_depot,Depot-A,810
48,9,pending_load_for_route,Depot-C,285
48,10,pending_departure_to_Customer-009,Depot-D,495
48,11,pending_load_for_route,Depot-D,1082
48,12,idle_at_customer,Customer-008,0
48,13,pending_load_for_route,Depot-D,320
48,14,pending_load_for_route,Depot-B,707
48,15,pending_load_for_route,Depot-D,979
49,1,pending_load_for_route,Depot-C,901
49,2,pending_load_for_route,Depot-A,762
49,3,idle_at_customer,Customer-009,0
49,4,pending_departure_to_Customer-007,Depot-A,585
49,5,pending_load_for_route,Depot-C,146
49,6,pending_load_for_route,Depot-D,651
49,7,pending_load_for_route,Depot-D,1092
49,8,idle_at_depot,Depot-A,810
49,9,pending_load_for_route,Depot-C,285
49,10,en_route,Customer-009,495
49,11,pending_load_for_route,Depot-D,1082
49,12,idle_at_customer,Customer-008,0
49,13,pending_load_for_route,Depot-D,320
49,14,pending_load_for_route,Depot-B,707
49,15,pending_load_for_route,Depot-D,979
50,1,pending_load_for_route,Depot-C,901
50,2,pending_load_for_route,Depot-A,762
50,3,idle_at_customer,Customer-009,0
50,4,en_route,Customer-007,585
50,5,pending_load_for_route,Depot-C,146
50,6,pending_departure_to_Customer-009,Depot-D,651
50,7,pending_load_for_route,Depot-D,1092
50,8,idle_at_depot,Depot-A,810
50,9,pending_load_for_route,Depot-C,285
50,10,idle_at_customer,Customer-009,495
50,11,pending_load_for_route,Depot-D,1082
50,12,idle_at_customer,Customer-008,0
50,13,pending_load_for_route,Depot-D,320
50,14,pending_load_for_route,Depot-B,707
50,15,pending_load_for_route,Depot-D,979
51,1,pending_load_for_route,Depot-C,901
51,2,pending_load_for_route,Depot-A,762
51,3,idle_at_customer,Customer-009,0
51,4,idle_at_customer,Customer-007,585
51,5,pending_load_for_route,Depot-C,146
51,6,en_route,Customer-009,651
51,7,pending_load_for_route,Depot-D,1092
51,8,pending_load_for_route,Depot-A,810
51,9,pending_load_for_route,Depot-C,285
51,10,finished_unloading,Customer-009,458
51,11,pending_load_for_route,Depot-D,1082
51,12,idle_at_customer,Customer-008,0
51,13,pending_load_for_route,Depot-D,320
51,14,pending_load_for_route,Depot-B,707
51,15,pending_load_for_route,Depot-D,979
52,1,pending_load_for_route,Depot-C,901
52,2,pending_load_for_route,Depot-A,762
52,3,idle_at_customer,Customer-009,0
52,4,finished_unloading,Customer-007,493
52,5,pending_load_for_route,Depot-C,146
52,6,idle_at_customer,Customer-009,651
52,7,pending_load_for_route,Depot-D,1092
52,8,pending_departure_to_Customer-007,Depot-A,810
52,9,pending_load_for_route,Depot-C,285
52,10,en_route,Depot-D,458
52,11,pending_load_for_route,Depot-D,1082
52,12,idle_at_customer,Customer-008,0
52,13,pending_load_for_route,Depot-D,320
52,14,pending_load_for_route,Depot-B,707
52,15,pending_load_for_route,Depot-D,979
53,1,pending_load_for_route,Depot-C,901
53,2,pending_load_for_route,Depot-A,762
53,3,idle_at_customer,Customer-009,0
53,4,en_route,Customer-010,493
53,5,pending_load_for_route,Depot-C,146
53,6,finished_unloading,Customer-009,651
53,7,pending_load_for_route,Depot-D,1092
53,8,en_route,Customer-007,810
53,9,pending_load_for_route,Depot-C,285
53,10,idle_at_depot,Depot-D,458
53,11,pending_load_for_route,Depot-D,1082
53,12,idle_at_customer,Customer-008,0
53,13,pending_load_for_route,Depot-D,320
53,14,pending_load_for_route,Depot-B,707
53,15,pending_load_for_route,Depot-D,979
54,1,pending_load_for_route,Depot-C,901
54,2,pending_load_for_route,Depot-A,762
54,3,idle_at_customer,Customer-009,0
54,4,idle_at_customer,Customer-010,493
54,5,pending_load_for_route,Depot-C,146
54,6,en_route,Customer-001,651
54,7,pending_load_for_route,Depot-D,1092
54,8,idle_at_customer,Customer-007,810
54,9,pending_load_for_route,Depot-C,285
54,10,pending_load_for_route,Depot-D,458
54,11,pending_load_for_route,Depot-D,1082
54,12,idle_at_customer,Customer-008,0
54,13,pending_load_for_route,Depot-D,320
54,14,pending_load_for_route,Depot-B,707
54,15,pending_load_for_route,Depot-D,979
55,1,pending_load_for_route,Depot-C,901
55,2,pending_load_for_route,Depot-A,762
55,3,idle_at_customer,Customer-009,0
55,4,finished_unloading,Customer-010,467
55,5,pending_load_for_route,Depot-C,146
55,6,idle_at_customer,Customer-001,651
55,7,pending_load_for_route,Depot-D,1092
55,8,finished_unloading,Customer-007,810
55,9,pending_load_for_route,Depot-C,285
55,10,loading_at_depot,Depot-D,495
55,11,pending_load_for_route,Depot-D,1082
55,12,idle_at_customer,Customer-008,0
55,13,pending_load_for_route,Depot-D,320
55,14,pending_load_for_route,Depot-B,707
55,15,pending_load_for_route,Depot-D,979
56,1,pending_load_for_route,Depot-C,901
56,2,pending_load_for_route,Depot-A,762
56,3,idle_at_customer,Customer-009,0
56,4,en_route,Customer-009,467
56,5,pending_load_for_route,Depot-C,146
56,6,finished_unloading,Customer-001,539
56,7,pending_load_for_route,Depot-D,1092
56,8,en_route,Customer-010,810
56,9,pending_load_for_route,Depot-C,285
56,10,pending_departure_to_Customer-010,Depot-D,495
56,11,pending_load_for_route,Depot-D,1082
56,12,idle_at_customer,Customer-008,0
56,13,pending_load_for_route,Depot-D,320
56,14,pending_load_for_route,Depot-B,707
56,15,pending_load_for_route,Depot-D,979
57,1,pending_load_for_route,Depot-C,901
57,2,pending_load_for_route,Depot-A,762
57,3,idle_at_customer,Customer-009,0
57,4,idle_at_customer,Customer-009,467
57,5,pending_load_for_route,Depot-C,146
57,6,en_route,Customer-010,539
57,7,pending_load_for_route,Depot-D,1092
57,8,idle_at_customer,Customer-010,810
57,9,pending_load_for_route,Depot-C,285
57,10,en_route,Customer-010,495
57,11,pending_load_for_route,Depot-D,1082
57,12,idle_at_customer,Customer-008,0
57,13,pending_load_for_route,Depot-D,320
57,14,pending_load_for_route,Depot-B,707
57,15,pending_load_for_route,Depot-D,979
58,1,pending_load_for_route,Depot-C,901
58,2,pending_load_for_route,Depot-A,762
58,3,idle_at_customer,Customer-009,0
58,4,finished_unloading,Customer-009,467
58,5,pending_load_for_route,Depot-C,146
58,6,idle_at_customer,Customer-010,539
58,7,pending_load_for_route,Depot-D,1092
58,8,finished_unloading,Customer-010,740
58,9,pending_load_for_route,Depot-C,285
58,10,idle_at_customer,Customer-010,495
58,11,pending_load_for_route,Depot-D,1082
58,12,idle_at_customer,Customer-008,0
58,13,pending_load_for_route,Depot-D,320
58,14,pending_load_for_route,Depot-B,707
58,15,pending_load_for_route,Depot-D,979
59,1,pending_load_for_route,Depot-C,901
59,2,pending_load_for_route,Depot-A,762
59,3,idle_at_customer,Customer-009,0
59,4,en_route,Depot-C,467
59,5,pending_load_for_route,Depot-C,146
59,6,finished_unloading,Customer-010,539
59,7,pending_load_for_route,Depot-D,1092
59,8,en_route,Depot-A,740
59,9,pending_load_for_route,Depot-C,285
59,10,finished_unloading,Customer-010,495
59,11,pending_load_for_route,Depot-D,1082
59,12,idle_at_customer,Customer-008,0
59,13,pending_load_for_route,Depot-D,320
59,14,pending_load_for_route,Depot-B,707
59,15,pending_load_for_route,Depot-D,979
60,1,pending_load_for_route,Depot-C,901
60,2,pending_load_for_route,Depot-A,762
60,3,idle_at_customer,Customer-009,0
60,4,idle_at_depot,Depot-C,467
60,5,pending_load_for_route,Depot-C,146
60,6,en_route,Depot-A,539
60,7,pending_load_for_route,Depot-D,1092
60,8,idle_at_depot,Depot-A,740
60,9,pending_load_for_route,Depot-C,285
60,10,en_route,Depot-B,495
60,11,pending_load_for_route,Depot-D,1082
60,12,idle_at_customer,Customer-008,0
60,13,pending_load_for_route,Depot-D,320
60,14,pending_load_for_route,Depot-B,707
60,15,pending_load_for_route,Depot-D,979
61,1,pending_load_for_route,Depot-C,901
61,2,pending_load_for_route,Depot-A,762
61,3,idle_at_customer,Customer-009,0
61,4,idle_at_depot,Depot-C,467
61,5,pending_load_for_route,Depot-C,146
61,6,idle_at_depot,Depot-A,539
61,7,pending_load_for_route,Depot-D,1092
61,8,idle_at_depot,Depot-A,740
61,9,pending_load_for_route,Depot-C,285
61,10,pending_load_for_route,Depot-B,495
61,11,pending_load_for_route,Depot-D,1082
61,12,idle_at_customer,Customer-008,0
61,13,pending_load_for_route,Depot-D,320
61,14,pending_load_for_route,Depot-B,707
61,15,pending_load_for_route,Depot-D,979
62,1,pending_load_for_route,Depot-C,901
62,2,pending_load_for_route,Depot-A,762
62,3,idle_at_customer,Customer-009,0
62,4,pending_load_for_route,Depot-C,467
62,5,pending_load_for_route,Depot-C,146
62,6,pending_load_for_route,Depot-A,539
62,7,pending_load_for_route,Depot-D,1092
62,8,pending_load_for_route,Depot-A,740
62,9,pending_load_for_route,Depot-C,285
62,10,pending_departure_to_Customer-008,Depot-B,495
62,11,pending_load_for_route,Depot-D,1082
62,12,idle_at_customer,Customer-008,0
62,13,pending_load_for_route,Depot-D,320
62,14,pending_load_for_route,Depot-B,707
62,15,pending_load_for_route,Depot-D,979
63,1,pending_load_for_route,Depot-C,901
63,2,pending_load_for_route,Depot-A,762
63,3,idle_at_customer,Customer-009,0
63,4,loading_at_depot,Depot-C,585
63,5,pending_load_for_route,Depot-C,146
63,6,loading_at_depot,Depot-A,651
63,7,pending_load_for_route,Depot-D,1092
63,8,loading_at_depot,Depot-A,810
63,9,pending_load_for_route,Depot-C,285
63,10,en_route,Customer-008,495
63,11,pending_load_for_route,Depot-D,1082
63,12,idle_at_customer,Customer-008,0
63,13,pending_load_for_route,Depot-D,320
63,14,pending_load_for_route,Depot-B,707
63,15,pending_load_for_route,Depot-D,979
64,1,pending_load_for_route,Depot-C,901
64,2,pending_load_for_route,Depot-A,762
64,3,idle_at_customer,Customer-009,0
64,4,pending_departure_to_Customer-008,Depot-C,585
64,5,pending_load_for_route,Depot-C,146
64,6,pending_departure_to_Customer-008,Depot-A,651
64,7,pending_load_for_route,Depot-D,1092
64,8,pending_departure_to_Customer-003,Depot-A,810
64,9,pending_load_for_route,Depot-C,285
64,10,idle_at_customer,Customer-008,495
64,11,pending_load_for_route,Depot-D,1082
64,12,idle_at_customer,Customer-008,0
64,13,pending_load_for_route,Depot-D,320
64,14,pending_load_for_route,Depot-B,707
64,15,pending_load_for_route,Depot-D,979
65,1,pending_load_for_route,Depot-C,901
65,2,pending_load_for_route,Depot-A,762
65,3,idle_at_customer,Customer-009,0
65,4,en_route,Customer-008,585
65,5,pending_load_for_route,Depot-C,146
65,6,en_route,Customer-008,651
65,7,pending_load_for_route,Depot-D,1092
65,8,en_route,Customer-003,810
65,9,pending_load_for_route,Depot-C,285
65,10,finished_unloading,Customer-008,400
65,11,pending_load_for_route,Depot-D,1082
65,12,idle_at_customer,Customer-008,0
65,13,pending_load_for_route,Depot-D,320
65,14,pending_load_for_route,Depot-B,707
65,15,pending_load_for_route,Depot-D,979
66,1,pending_load_for_route,Depot-C,901
66,2,pending_load_for_route,Depot-A,762
66,3,idle_at_customer,Customer-009,0
66,4,idle_at_customer,Customer-008,585
66,5,pending_load_for_route,Depot-C,146
66,6,idle_at_customer,Customer-008,651
66,7,pending_load_for_route,Depot-D,1092
66,8,idle_at_customer,Customer-003,810
66,9,pending_load_for_route,Depot-C,285
66,10,en_route,Customer-003,400
66,11,pending_load_for_route,Depot-D,1082
66,12,idle_at_customer,Customer-008,0
66,13,pending_load_for_route,Depot-D,320
66,14,pending_load_for_route,Depot-B,707
66,15,pending_load_for_route,Depot-D,979
67,1,pending_load_for_route,Depot-C,901
67,2,pending_load_for_route,Depot-A,762
67,3,idle_at_customer,Customer-009,0
67,4,finished_unloading,Customer-008,585
67,5,pending_load_for_route,Depot-C,146
67,6,finished_unloading,Customer-008,651
67,7,pending_load_for_route,Depot-D,1092
67,8,finished_unloading,Customer-003,754
67,9,pending_load_for_route,Depot-C,285
67,10,idle_at_customer,Customer-003,400
67,11,pending_load_for_route,Depot-D,1082
67,12,idle_at_customer,Customer-008,0
67,13,pending_load_for_route,Depot-D,320
67,14,pending_load_for_route,Depot-B,707
67,15,pending_load_for_route,Depot-D,979
68,1,pending_load_for_route,Depot-C,901
68,2,pending_load_for_route,Depot-A,762
68,3,idle_at_customer,Customer-009,0
68,4,en_route,Customer-003,585
68,5,pending_load_for_route,Depot-C,146
68,6,en_route,Customer-003,651
68,7,pending_load_for_route,Depot-D,1092
68,8,en_route,Depot-A,754
68,9,pending_load_for_route,Depot-C,285
68,10,finished_unloading,Customer-003,400
68,11,pending_load_for_route,Depot-D,1082
68,12,idle_at_customer,Customer-008,0
68,13,pending_load_for_route,Depot-D,320
68,14,pending_load_for_route,Depot-B,707
68,15,pending_load_for_route,Depot-D,979
69,1,pending_load_for_route,Depot-C,901
69,2,pending_load_for_route,Depot-A,762
69,3,idle_at_customer,Customer-009,0
69,4,idle_at_customer,Customer-003,585
69,5,pending_load_for_route,Depot-C,146
69,6,idle_at_customer,Customer-003,651
69,7,pending_load_for_route,Depot-D,1092
69,8,pending_load_for_route,Depot-A,754
69,9,pending_load_for_route,Depot-C,285
69,10,en_route,Depot-C,400
69,11,pending_load_for_route,Depot-D,1082
69,12,idle_at_customer,Customer-008,0
69,13,pending_load_for_route,Depot-D,320
69,14,pending_load_for_route,Depot-B,707
69,15,pending_load_for_route,Depot-D,979
70,1,pending_load_for_route,Depot-C,901
70,2,pending_load_for_route,Depot-A,762
70,3,idle_at_customer,Customer-009,0
70,4,finished_unloading,Customer-003,585
70,5,pending_load_for_route,Depot-C,146
70,6,finished_unloading,Customer-003,651
70,7,pending_load_for_route,Depot-D,1092
70,8,loading_at_depot,Depot-A,810
70,9,pending_load_for_route,Depot-C,285
70,10,idle_at_depot,Depot-C,400
70,11,pending_load_for_route,Depot-D,1082
70,12,idle_at_customer,Customer-008,0
70,13,pending_load_for_route,Depot-D,320
70,14,pending_load_for_route,Depot-B,707
70,15,pending_load_for_route,Depot-D,979
71,1,pending_load_for_route,Depot-C,901
71,2,pending_load_for_route,Depot-A,762
71,3,idle_at_customer,Customer-009,0
71,4,en_route,Depot-B,585
71,5,pending_load_for_route,Depot-C,146
71,6,en_route,Depot-B,651
71,7,pending_load_for_route,Depot-D,1092
71,8,pending_departure_to_Customer-005,Depot-A,810
71,9,pending_load_for_route,Depot-C,285
71,10,pending_load_for_route,Depot-C,400
71,11,pending_load_for_route,Depot-D,1082
71,12,idle_at_customer,Customer-008,0
71,13,pending_load_for_route,Depot-D,320
71,14,pending_load_for_route,Depot-B,707
71,15,pending_load_for_route,Depot-D,979
72,1,pending_load_for_route,Depot-C,901
72,2,pending_load_for_route,Depot-A,762
72,3,idle_at_customer,Customer-009,0
72,4,idle_at_depot,Depot-B,585
72,5,pending_load_for_route,Depot-C,146
72,6,pending_load_for_route,Depot-B,651
72,7,pending_load_for_route,Depot-D,1092
72,8,en_route,Customer-005,810
72,9,pending_load_for_route,Depot-C,285
72,10,loading_at_depot,Depot-C,495
72,11,pending_load_for_route,Depot-D,1082
72,12,idle_at_customer,Customer-008,0
72,13,pending_load_for_route,Depot-D,320
72,14,pending_load_for_route,Depot-B,707
72,15,pending_load_for_route,Depot-D,979
73,1,pending_load_for_route,Depot-C,901
73,2,pending_load_for_route,Depot-A,762
73,3,idle_at_customer,Customer-009,0
73,4,idle_at_depot,Depot-B,585
73,5,pending_load_for_route,Depot-C,146
73,6,pending_departure_to_Customer-010,Depot-B,651
73,7,pending_load_for_route,Depot-D,1092
73,8,idle_at_customer,Customer-005,810
73,9,pending_load_for_route,Depot-C,285
73,10,pending_departure_to_Customer-003,Depot-C,495
73,11,pending_load_for_route,Depot-D,1082
73,12,idle_at_customer,Customer-008,0
73,13,pending_load_for_route,Depot-D,320
73,14,pending_load_for_route,Depot-B,707
73,15,pending_load_for_route,Depot-D,979
74,1,pending_load_for_route,Depot-C,901
74,2,pending_load_for_route,Depot-A,762
74,3,idle_at_customer,Customer-009,0
74,4,idle_at_depot,Depot-B,585
74,5,pending_load_for_route,Depot-C,146
74,6,en_route,Customer-010,651
74,7,pending_load_for_route,Depot-D,1092
74,8,finished_unloading,Customer-005,712
74,9,pending_load_for_route,Depot-C,285
74,10,en_route,Customer-003,495
74,11,pending_load_for_route,Depot-D,1082
74,12,idle_at_customer,Customer-008,0
74,13,pending_load_for_route,Depot-D,320
74,14,pending_load_for_route,Depot-B,707
74,15,pending_load_for_route,Depot-D,979
75,1,pending_load_for_route,Depot-C,901
75,2,pending_load_for_route,Depot-A,762
75,3,idle_at_customer,Customer-009,0
75,4,idle_at_depot,Depot-B,585
75,5,pending_load_for_route,Depot-C,146
75,6,idle_at_customer,Customer-010,651
75,7,pending_load_for_route,Depot-D,1092
75,8,en_route,Customer-010,712
75,9,pending_load_for_route,Depot-C,285
75,10,idle_at_customer,Customer-003,495
75,11,pending_load_for_route,Depot-D,1082
75,12,idle_at_customer,Customer-008,0
75,13,pending_load_for_route,Depot-D,320
75,14,pending_load_for_route,Depot-B,707
75,15,pending_load_for_route,Depot-D,979
76,1,pending_load_for_route,Depot-C,901
76,2,pending_load_for_route,Depot-A,762
76,3,idle_at_customer,Customer-009,0
76,4,idle_at_depot,Depot-B,585
76,5,pending_load_for_route,Depot-C,146
76,6,finished_unloading,Customer-010,595
76,7,pending_load_for_route,Depot-D,1092
76,8,idle_at_customer,Customer-010,712
76,9,pending_load_for_route,Depot-C,285
76,10,finished_unloading,Customer-003,438
76,11,pending_load_for_route,Depot-D,1082
76,12,idle_at_customer,Customer-008,0
76,13,pending_load_for_route,Depot-D,320
76,14,pending_load_for_route,Depot-B,707
76,15,pending_load_for_route,Depot-D,979
77,1,pending_load_for_route,Depot-C,901
77,2,pending_load_for_route,Depot-A,762
77,3,idle_at_customer,Customer-009,0
77,4,idle_at_depot,Depot-B,585
77,5,pending_load_for_route,Depot-C,146
77,6,en_route,Customer-003,595
77,7,pending_load_for_route,Depot-D,1092
77,8,finished_unloading,Customer-010,712
77,9,pending_load_for_route,Depot-C,285
77,10,en_route,Customer-010,438
77,11,pending_load_for_route,Depot-D,1082
77,12,idle_at_customer,Customer-008,0
77,13,pending_load_for_route,Depot-D,320
77,14,pending_load_for_route,Depot-B,707
77,15,pending_load_for_route,Depot-D,979
78,1,pending_load_for_route,Depot-C,901
78,2,pending_load_for_route,Depot-A,762
78,3,idle_at_customer,Customer-009,0
78,4,idle_at_depot,Depot-B,585
78,5,pending_load_for_route,Depot-C,146
78,6,idle_at_customer,Customer-003,595
78,7,pending_load_for_route,Depot-D,1092
78,8,en_route,Depot-D,712
78,9,pending_load_for_route,Depot-C,285
78,10,idle_at_customer,Customer-010,438
78,11,pending_load_for_route,Depot-D,1082
78,12,idle_at_customer,Customer-008,0
78,13,pending_load_for_route,Depot-D,320
78,14,pending_load_for_route,Depot-B,707
78,15,pending_load_for_route,Depot-D,979
79,1,pending_load_for_route,Depot-C,901
79,2,pending_load_for_route,Depot-A,762
79,3,idle_at_customer,Customer-009,0
79,4,idle_at_depot,Depot-B,585
79,5,pending_load_for_route,Depot-C,146
79,6,finished_unloading,Customer-003,595
79,7,pending_load_for_route,Depot-D,1092
79,8,idle_at_depot,Depot-D,712
79,9,pending_load_for_route,Depot-C,285
79,10,finished_unloading,Customer-010,438
79,11,pending_load_for_route,Depot-D,1082
79,12,idle_at_customer,Customer-008,0
79,13,pending_load_for_route,Depot-D,320
79,14,pending_load_for_route,Depot-B,707
79,15,pending_load_for_route,Depot-D,979
80,1,pending_load_for_route,Depot-C,901
80,2,pending_load_for_route,Depot-A,762
80,3,idle_at_customer,Customer-009,0
80,4,idle_at_depot,Depot-B,585
80,5,pending_load_for_route,Depot-C,146
80,6,en_route,Depot-B,595
80,7,pending_load_for_route,Depot-D,1092
80,8,idle_at_depot,Depot-D,712
80,9,pending_load_for_route,Depot-C,285
80,10,en_route,Depot-C,438
80,11,pending_load_for_route,Depot-D,1082
80,12,idle_at_customer,Customer-008,0
80,13,pending_load_for_route,Depot-D,320
80,14,pending_load_for_route,Depot-B,707
80,15,pending_load_for_route,Depot-D,979
81,1,pending_load_for_route,Depot-C,901
81,2,pending_load_for_route,Depot-A,762
81,3,idle_at_customer,Customer-009,0
81,4,idle_at_depot,Depot-B,585
81,5,pending_load_for_route,Depot-C,146
81,6,idle_at_depot,Depot-B,595
81,7,pending_load_for_route,Depot-D,1092
81,8,idle_at_depot,Depot-D,712
81,9,pending_load_for_route,Depot-C,285
81,10,idle_at_depot,Depot-C,438
81,11,pending_load_for_route,Depot-D,1082
81,12,idle_at_customer,Customer-008,0
81,13,pending_load_for_route,Depot-D,320
81,14,pending_load_for_route,Depot-B,707
81,15,pending_load_for_route,Depot-D,979
82,1,pending_load_for_route,Depot-C,901
82,2,pending_load_for_route,Depot-A,762
82,3,idle_at_customer,Customer-009,0
82,4,idle_at_depot,Depot-B,585
82,5,pending_load_for_route,Depot-C,146
82,6,idle_at_depot,Depot-B,595
82,7,pending_load_for_route,Depot-D,1092
82,8,idle_at_depot,Depot-D,712
82,9,pending_load_for_route,Depot-C,285
82,10,idle_at_depot,Depot-C,438
82,11,pending_load_for_route,Depot-D,1082
82,12,idle_at_customer,Customer-008,0
82,13,pending_load_for_route,Depot-D,320
82,14,pending_load_for_route,Depot-B,707
82,15,pending_load_for_route,Depot-D,979
83,1,pending_load_for_route,Depot-C,901
83,2,pending_load_for_route,Depot-A,762
83,3,idle_at_customer,Customer-009,0
83,4,idle_at_depot,Depot-B,585
83,5,pending_load_for_route,Depot-C,146
83,6,idle_at_depot,Depot-B,595
83,7,pending_load_for_route,Depot-D,1092
83,8,idle_at_depot,Depot-D,712
83,9,pending_load_for_route,Depot-C,285
83,10,idle_at_depot,Depot-C,438
83,11,pending_load_for_route,Depot-D,1082
83,12,idle_at_customer,Customer-008,0
83,13,pending_load_for_route,Depot-D,320
83,14,pending_load_for_route,Depot-B,707
83,15,pending_load_for_route,Depot-D,979
84,1,pending_load_for_route,Depot-C,901
84,2,pending_load_for_route,Depot-A,762
84,3,idle_at_customer,Customer-009,0
84,4,idle_at_depot,Depot-B,585
84,5,pending_load_for_route,Depot-C,146
84,6,idle_at_depot,Depot-B,595
84,7,pending_load_for_route,Depot-D,1092
84,8,idle_at_depot,Depot-D,712
84,9,pending_load_for_route,Depot-C,285
84,10,idle_at_depot,Depot-C,438
84,11,pending_load_for_route,Depot-D,1082
84,12,idle_at_customer,Customer-008,0
84,13,pending_load_for_route,Depot-D,320
84,14,pending_load_for_route,Depot-B,707
84,15,pending_load_for_route,Depot-D,979
85,1,pending_load_for_route,Depot-C,901
85,2,pending_load_for_route,Depot-A,762
85,3,idle_at_customer,Customer-009,0
85,4,idle_at_depot,Depot-B,585
85,5,pending_load_for_route,Depot-C,146
85,6,idle_at_depot,Depot-B,595
85,7,pending_load_for_route,Depot-D,1092
85,8,idle_at_depot,Depot-D,712
85,9,pending_load_for_route,Depot-C,285
85,10,idle_at_depot,Depot-C,438
85,11,pending_load_for_route,Depot-D,1082
85,12,idle_at_customer,Customer-008,0
85,13,pending_load_for_route,Depot-D,320
85,14,pending_load_for_route,Depot-B,707
85,15,pending_load_for_route,Depot-D,979
86,1,pending_load_for_route,Depot-C,901
86,2,pending_load_for_route,Depot-A,762
86,3,idle_at_customer,Customer-009,0
86,4,idle_at_depot,Depot-B,585
86,5,pending_load_for_route,Depot-C,146
86,6,idle_at_depot,Depot-B,595
86,7,pending_load_for_route,Depot-D,1092
86,8,idle_at_depot,Depot-D,712
86,9,pending_load_for_route,Depot-C,285
86,10,idle_at_depot,Depot-C,438
86,11,pending_load_for_route,Depot-D,1082
86,12,idle_at_customer,Customer-008,0
86,13,pending_load_for_route,Depot-D,320
86,14,pending_load_for_route,Depot-B,707
86,15,pending_load_for_route,Depot-D,979
87,1,pending_load_for_route,Depot-C,901
87,2,pending_load_for_route,Depot-A,762
87,3,idle_at_customer,Customer-009,0
87,4,idle_at_depot,Depot-B,585
87,5,pending_load_for_route,Depot-C,146
87,6,idle_at_depot,Depot-B,595
87,7,pending_load_for_route,Depot-D,1092
87,8,idle_at_depot,Depot-D,712
87,9,pending_load_for_route,Depot-C,285
87,10,idle_at_depot,Depot-C,438
87,11,pending_load_for_route,Depot-D,1082
87,12,idle_at_customer,Customer-008,0
87,13,pending_load_for_route,Depot-D,320
87,14,pending_load_for_route,Depot-B,707
87,15,pending_load_for_route,Depot-D,979
88,1,pending_load_for_route,Depot-C,901
88,2,pending_load_for_route,Depot-A,762
88,3,idle_at_customer,Customer-009,0
88,4,idle_at_depot,Depot-B,585
88,5,pending_load_for_route,Depot-C,146
88,6,idle_at_depot,Depot-B,595
88,7,pending_load_for_route,Depot-D,1092
88,8,idle_at_depot,Depot-D,712
88,9,pending_load_for_route,Depot-C,285
88,10,idle_at_depot,Depot-C,438
88,11,pending_load_for_route,Depot-D,1082
88,12,idle_at_customer,Customer-008,0
88,13,pending_load_for_route,Depot-D,320
88,14,pending_load_for_route,Depot-B,707
88,15,pending_load_for_route,Depot-D,979
89,1,pending_load_for_route,Depot-C,901
89,2,pending_load_for_route,Depot-A,762
89,3,idle_at_customer,Customer-009,0
89,4,idle_at_depot,Depot-B,585
89,5,pending_load_for_route,Depot-C,146
89,6,idle_at_depot,Depot-B,595
89,7,pending_load_for_route,Depot-D,1092
89,8,idle_at_depot,Depot-D,712
89,9,pending_load_for_route,Depot-C,285
89,10,idle_at_depot,Depot-C,438
89,11,pending_load_for_route,Depot-D,1082
89,12,idle_at_customer,Customer-008,0
89,13,pending_load_for_route,Depot-D,320
89,14,pending_load_for_route,Depot-B,707
89,15,pending_load_for_route,Depot-D,979
90,1,pending_load_for_route,Depot-C,901
90,2,pending_load_for_route,Depot-A,762
90,3,idle_at_customer,Customer-009,0
90,4,idle_at_depot,Depot-B,585
90,5,pending_load_for_route,Depot-C,146
90,6,idle_at_depot,Depot-B,595
90,7,pending_load_for_route,Depot-D,1092
90,8,idle_at_depot,Depot-D,712
90,9,pending_load_for_route,Depot-C,285
90,10,idle_at_depot,Depot-C,438
90,11,pending_load_for_route,Depot-D,1082
90,12,idle_at_customer,Customer-008,0
90,13,pending_load_for_route,Depot-D,320
90,14,pending_load_for_route,Depot-B,707
90,15,pending_load_for_route,Depot-D,979
91,1,pending_load_for_route,Depot-C,901
91,2,pending_load_for_route,Depot-A,762
91,3,idle_at_customer,Customer-009,0
91,4,idle_at_depot,Depot-B,585
91,5,pending_load_for_route,Depot-C,146
91,6,idle_at_depot,Depot-B,595
91,7,pending_load_for_route,Depot-D,1092
91,8,idle_at_depot,Depot-D,712
91,9,pending_load_for_route,Depot-C,285
91,10,idle_at_depot,Depot-C,438
91,11,pending_load_for_route,Depot-D,1082
91,12,idle_at_customer,Customer-008,0
91,13,pending_load_for_route,Depot-D,320
91,14,pending_load_for_route,Depot-B,707
91,15,pending_load_for_route,Depot-D,979
92,1,pending_load_for_route,Depot-C,901
92,2,pending_load_for_route,Depot-A,762
92,3,idle_at_customer,Customer-009,0
92,4,idle_at_depot,Depot-B,585
92,5,pending_load_for_route,Depot-C,146
92,6,idle_at_depot,Depot-B,595
92,7,pending_load_for_route,Depot-D,1092
92,8,idle_at_depot,Depot-D,712
92,9,pending_load_for_route,Depot-C,285
92,10,idle_at_depot,Depot-C,438
92,11,pending_load_for_route,Depot-D,1082
92,12,idle_at_customer,Customer-008,0
92,13,pending_load_for_route,Depot-D,320
92,14,pending_load_for_route,Depot-B,707
92,15,pending_load_for_route,Depot-D,979
93,1,pending_load_for_route,Depot-C,901
93,2,pending_load_for_route,Depot-A,762
93,3,idle_at_customer,Customer-009,0
93,4,idle_at_depot,Depot-B,585
93,5,pending_load_for_route,Depot-C,146
93,6,idle_at_depot,Depot-B,595
93,7,pending_load_for_route,Depot-D,1092
93,8,idle_at_depot,Depot-D,712
93,9,pending_load_for_route,Depot-C,285
93,10,idle_at_depot,Depot-C,438
93,11,pending_load_for_route,Depot-D,1082
93,12,idle_at_customer,Customer-008,0
93,13,pending_load_for_route,Depot-D,320
93,14,pending_load_for_route,Depot-B,707
93,15,pending_load_for_route,Depot-D,979
94,1,pending_load_for_route,Depot-C,901
94,2,pending_load_for_route,Depot-A,762
94,3,idle_at_customer,Customer-009,0
94,4,idle_at_depot,Depot-B,585
94,5,pending_load_for_route,Depot-C,146
94,6,idle_at_depot,Depot-B,595
94,7,pending_load_for_route,Depot-D,1092
94,8,idle_at_depot,Depot-D,712
94,9,pending_load_for_route,Depot-C,285
94,10,idle_at_depot,Depot-C,438
94,11,pending_load_for_route,Depot-D,1082
94,12,idle_at_customer,Customer-008,0
94,13,pending_load_for_route,Depot-D,320
94,14,pending_load_for_route,Depot-B,707
94,15,pending_load_for_route,Depot-D,979
95,1,pending_load_for_route,Depot-C,901
95,2,pending_load_for_route,Depot-A,762
95,3,idle_at_customer,Customer-009,0
95,4,idle_at_depot,Depot-B,585
95,5,pending_load_for_route,Depot-C,146
95,6,idle_at_depot,Depot-B,595
95,7,pending_load_for_route,Depot-D,1092
95,8,idle_at_depot,Depot-D,712
95,9,pending_load_for_route,Depot-C,285
95,10,idle_at_depot,Depot-C,438
95,11,pending_load_for_route,Depot-D,1082
95,12,idle_at_customer,Customer-008,0
95,13,pending_load_for_route,Depot-D,320
95,14,pending_load_for_route,Depot-B,707
95,15,pending_load_for_route,Depot-D,979
96,1,pending_load_for_route,Depot-C,901
96,2,pending_load_for_route,Depot-A,762
96,3,idle_at_customer,Customer-009,0
96,4,idle_at_depot,Depot-B,585
96,5,pending_load_for_route,Depot-C,146
96,6,idle_at_depot,Depot-B,595
96,7,pending_load_for_route,Depot-D,1092
96,8,idle_at_depot,Depot-D,712
96,9,pending_load_for_route,Depot-C,285
96,10,idle_at_depot,Depot-C,438
96,11,pending_load_for_route,Depot-D,1082
96,12,idle_at_customer,Customer-008,0
96,13,pending_load_for_route,Depot-D,320
96,14,pending_load_for_route,Depot-B,707
96,15,pending_load_for_route,Depot-D,979
97,1,pending_load_for_route,Depot-C,901
97,2,pending_load_for_route,Depot-A,762
97,3,idle_at_customer,Customer-009,0
97,4,idle_at_depot,Depot-B,585
97,5,pending_load_for_route,Depot-C,146
97,6,idle_at_depot,Depot-B,595
97,7,pending_load_for_route,Depot-D,1092
97,8,idle_at_depot,Depot-D,712
97,9,pending_load_for_route,Depot-C,285
97,10,idle_at_depot,Depot-C,438
97,11,pending_load_for_route,Depot-D,1082
97,12,idle_at_customer,Customer-008,0
97,13,pending_load_for_route,Depot-D,320
97,14,pending_load_for_route,Depot-B,707
97,15,pending_load_for_route,Depot-D,979
98,1,pending_load_for_route,Depot-C,901
98,2,pending_load_for_route,Depot-A,762
98,3,idle_at_customer,Customer-009,0
98,4,idle_at_depot,Depot-B,585
98,5,pending_load_for_route,Depot-C,146
98,6,idle_at_depot,Depot-B,595
98,7,pending_load_for_route,Depot-D,1092
98,8,idle_at_depot,Depot-D,712
98,9,pending_load_for_route,Depot-C,285
98,10,idle_at_depot,Depot-C,438
98,11,pending_load_for_route,Depot-D,1082
98,12,idle_at_customer,Customer-008,0
98,13,pending_load_for_route,Depot-D,320
98,14,pending_load_for_route,Depot-B,707
98,15,pending_load_for_route,Depot-D,979
99,1,pending_load_for_route,Depot-C,901
99,2,pending_load_for_route,Depot-A,762
99,3,idle_at_customer,Customer-009,0
99,4,idle_at_depot,Depot-B,585
99,5,pending_load_for_route,Depot-C,146
99,6,idle_at_depot,Depot-B,595
99,7,pending_load_for_route,Depot-D,1092
99,8,idle_at_depot,Depot-D,712
99,9,pending_load_for_route,Depot-C,285
99,10,idle_at_depot,Depot-C,438
99,11,pending_load_for_route,Depot-D,1082
99,12,idle_at_customer,Customer-008,0
99,13,pending_load_for_route,Depot-D,320
99,14,pending_load_for_route,Depot-B,707
99,15,pending_load_for_route,Depot-D,979
100,1,pending_load_for_route,Depot-C,901
100,2,pending_load_for_route,Depot-A,762
100,3,idle_at_customer,Customer-009,0
100,4,idle_at_depot,Depot-B,585
100,5,pending_load_for_route,Depot-C,146
100,6,idle_at_depot,Depot-B,595
100,7,pending_load_for_route,Depot-D,1092
100,8,idle_at_depot,Depot-D,712
100,9,pending_load_for_route,Depot-C,285
100,10,idle_at_depot,Depot-C,438
100,11,pending_load_for_route,Depot-D,1082
100,12,idle_at_customer,Customer-008,0
100,13,pending_load_for_route,Depot-D,320
100,14,pending_load_for_route,Depot-B,707
100,15,pending_load_for_route,Depot-D,979
